{
    "dice": 0.9757733941078186,
    "iou": 0.9531150460243225,
    "precision": 0.9790077613520478,
    "recall": 0.9772481258980031,
    "f1": 0.9781271522364982,
    "accuracy": 0.9761602613661025
}